Entity,Code,Year,poultry,beef and buffalo,sheep and goat,pig,Other,Fish and seafood,meat_total,air_passengers_2021,co2_total_2023,co2_per_capita_2023,geo_id,geo_name
Afghanistan,AFG,2022.0,0.8817912,2.0169706,3.6690621,0.0101355305,0.28379488,0.3952857,7.260000000000001,293213.0,11020218.0,0.26583755,4,Afghanistan
Africa,NAN,2022.0,7.0646057,5.0010457,2.2811437,1.7000556,1.370004,8.825201,26.24,,1418739200.0,0.9592574,,
Africa (FAO),NAN,2022.0,7.17,05.07,2.31,1.72,1.39,8.92,26.58,,,,,
Albania,ALB,2022.0,22.677748,15.269281,8.916296,6.342934,0.27140924,8.554417,62.030000000000015,193259.0,5144279.0,1.8296527,8,Albania
Algeria,DZA,2022.0,6.0526133,3.4163198,8.007616,0.0,0.34558147,2.7942731,20.62,1949936.0,178132770.0,3.8586802,12,Algeria
Americas (FAO),NAN,2022.0,44.12,27.54,0.69,20.23,0.63,14.56,107.77,,,,,
Angola,AGO,2022.0,10.506422,3.5054696,0.7190707,8.2793,0.2696515,12.863376,36.15,311488.0,20780540.0,0.56545913,24,Angola
Argentina,ARG,2022.0,48.29873,46.053677,0.99223375,16.988245,1.1826624,7.136065,120.65,6708097.0,195805970.0,4.2998033,32,Argentina
Armenia,ARM,2022.0,17.80726,24.862602,3.744833,10.964253,0.038606524,4.97059,62.38,179200.0,7608323.0,2.584923,51,Armenia
Asia,NAN,2022.0,12.467553,5.9811378,2.2252655,16.050463,0.4034785,24.560802,61.69,,22600220000.0,4.7313886,,
Asia (FAO),NAN,2022.0,12.49,5.99,2.23,15.14,0.43,24.63,60.91,,,,,
Australia,AUS,2022.0,49.045937,25.966671,9.711275,26.576124,0.93915623,24.468018,136.71999999999997,24572956.0,382972000.0,14.478505,36,Australia
Austria,AUT,2022.0,18.876034,14.280302,0.98620874,42.229458,0.5128285,14.230992,91.12,18901048.0,58578050.0,6.415725,40,Austria
Azerbaijan,AZE,2022.0,16.157986,15.121702,8.652472,0.81494206,0.0,2.1429958,42.88,1102455.0,43936972.0,4.2582173,31,Azerbaijan
Bahamas,BHS,2022.0,65.25775,11.438415,2.8776534,31.396334,0.50539434,27.817316,139.31,1065149.1,2505352.0,6.272632,44,Bahamas
Bangladesh,BGD,2022.0,1.6776553,1.273401,1.3340392,0.010106358,0.10106358,25.97334,30.36,3750753.0,113426860.0,0.6615086,50,Bangladesh
Belarus,BLR,2022.0,36.51541,23.522451,0.0935493,37.85628,0.19749297,12.379691,110.57,1040730.0,56490772.0,6.197136,112,Belarus
Belgium,BEL,2022.0,16.26978,12.945739,0.92111987,32.339317,2.0825317,24.069263,88.63,5404284.5,83368480.0,7.1177025,56,Belgium
Belize,BLZ,2022.0,30.524244,5.0018296,0.120768525,16.444649,0.20128088,17.300093,69.58,670361.8,667898.0,1.6247674,84,Belize
Benin,BEN,2022.0,10.374105,2.6687365,2.6105094,0.9801541,0.64049673,14.818766,32.09,,5592317.0,0.3963094,204,Benin
Bhutan,BTN,2022.0,4.8198066,7.314883,0.2505097,3.3367891,0.0,6.302824,22.02,22380.0,1713060.0,2.178551,64,Bhutan
Bolivia,BOL,2022.0,42.96673,22.449987,3.2389522,10.263431,1.8117889,2.1559277,82.89,4311879.5,23359406.0,1.9078085,68,Bolivia
Bosnia and Herzegovina,BIH,2022.0,22.015816,13.389087,0.37332043,13.177202,0.40358967,5.8217807,55.17999999999999,,20179128.0,6.3356104,70,Bosnia and Herz.
Botswana,BWA,2022.0,2.7598367,14.10104,1.9081683,0.35576022,12.430045,2.2531478,33.81,172017.0,6713559.0,2.7068784,72,Botswana
Brazil,BRA,2022.0,48.170204,35.413548,0.6552376,16.54475,0.3685712,8.210947,109.36,61896524.0,486470080.0,2.3040092,76,Brazil
Bulgaria,BGR,2022.0,20.735878,3.5867999,1.4009385,33.98021,0.7451801,7.2729573,67.72999999999999,41126.0,36093596.0,5.311196,100,Bulgaria
Burkina Faso,BFA,2022.0,6.7087507,5.76187,2.2463236,9.962395,0.42307436,10.727957,35.83,112940.0,6186583.0,0.2686812,854,Burkina Faso
Burundi,BDI,2022.0,0.6386223,1.2675683,0.7644115,0.84182024,0.048380475,2.3996716,5.959999999999999,,709700.0,0.05184301,108,Burundi
Cambodia,KHM,2022.0,1.7838478,4.279285,0.009747802,6.024142,0.0,39.927,52.02,50217.46,20178442.0,1.1580942,116,Cambodia
Cameroon,CMR,2022.0,4.4953837,4.384262,1.5557059,1.8284595,2.879066,17.991636,33.14,177992.0,9941406.0,0.3503871,120,Cameroon
Canada,CAN,2022.0,40.78092,25.298634,1.2183759,22.198214,0.6042352,20.167587,110.27,24951000.0,549299000.0,13.977411,124,Canada
Caribbean (FAO),NAN,2022.0,29.59,6.31,0.94,11.72,0.91,9.25,58.71999999999999,,,,,
Central African Republic,CAF,2022.0,2.5499077,20.530588,5.209254,3.863165,6.938376,,39.09,,281213.0,0.054579318,140,Central African Rep.
Central America (FAO),NAN,2022.0,36.21,13.62,0.62,17.73,0.48,11.83,80.49,,,,,
Central Asia (FAO),NAN,2022.0,10.3,26.72,7.84,2.27,2.44,3.15,52.72,,,,,
Chad,TCD,2022.0,0.4609626,27.321638,18.275248,0.13444743,0.8066845,5.6083784,52.61000000000001,,3079389.0,0.15939671,148,Chad
Chile,CHL,2022.0,38.609943,27.40093,0.42109004,25.084936,0.8421801,14.437372,106.79,10302876.0,77287704.0,3.9314575,152,Chile
China,CHN,2022.0,17.148512,8.043993,3.861917,40.179947,0.7703824,41.600655,111.6,440301220.0,11902503000.0,8.366814,156,China
China (FAO),NAN,2022.0,17.69,8.13,3.79,40.2,0.77,41.52,112.1,,,,,
Colombia,COL,2022.0,36.746433,12.69331,0.020052621,13.465336,0.16042097,8.742944,71.83,26167360.0,105238664.0,2.0114,170,Colombia
Congo,COG,2022.0,27.304398,3.4031568,0.25721532,9.606004,8.0132475,23.752846,72.33,157784.0,7674340.0,1.2412342,178,Congo
Costa Rica,CRI,2022.0,32.899403,13.477846,0.061170254,15.027493,0.0,17.91269,79.38,669298.0,8279033.5,1.621601,188,Costa Rica
Cote d'Ivoire,CIV,2022.0,2.2698944,0.815309,0.5558925,0.518833,6.2537904,19.409912,29.83,569309.0,13195601.0,0.42340288,384,Côte d'Ivoire
Croatia,HRV,2022.0,20.15702,14.916608,1.7846287,59.20222,1.0831561,20.982283,118.12,767762.0,17524080.0,4.497998,191,Croatia
Cuba,CUB,2022.0,30.210684,8.201491,1.7031525,19.069227,2.3114214,6.21448,67.7,22359.0,23097436.0,2.0959787,192,Cuba
Cyprus,CYP,2022.0,27.345592,7.7082796,3.891741,32.337173,0.47001708,18.142658,89.9,103016.0,7174221.0,5.3342433,196,Cyprus
Czechia,CZE,2022.0,23.469276,10.599028,0.28513154,46.48627,0.81606615,10.500707,92.17,1418032.0,85624184.0,7.92107,203,Czechia
Democratic Republic of Congo,COD,2022.0,0.98626417,0.3094162,0.20305438,0.71552503,1.6727815,3.3939092,7.279999999999999,392102.22,4615953.0,0.0436333,180,Dem. Rep. Congo
Denmark,DNK,2022.0,17.767818,21.85352,0.717489,25.65023,0.8071751,22.73045,89.53000000000002,,27264778.0,4.5837965,208,Denmark
Djibouti,DJI,2022.0,3.933146,5.7666426,3.9922912,0.1281476,0.63088053,3.7458532,18.200000000000003,,492543.0,0.42721647,262,Djibouti
Dominican Republic,DOM,2022.0,36.843876,6.248962,0.19996677,14.437601,0.029995015,8.198638,65.96000000000001,69447.0,32019646.0,2.8257916,214,Dominican Rep.
East Timor,TLS,2022.0,5.3191595,1.5379523,0.4897937,10.079954,11.745253,7.0432334,36.22,,632121.0,0.45665762,626,Timor-Leste
Eastern Africa (FAO),NAN,2022.0,2.46,5.68,1.59,1.65,0.94,5.69,18.01,,,,,
Eastern Asia (FAO),NAN,2022.0,18.29,8.52,3.5,38.3,0.82,41.7,111.13,,,,,
Eastern Europe (FAO),NAN,2022.0,29.62,09.01,01.03,33.26,2.18,17.22,92.32,,,,,
Ecuador,ECU,2022.0,29.066032,12.422244,0.40397543,11.361809,0.57566494,6.504004,60.33,1534854.0,43172870.0,2.4011562,218,Ecuador
Egypt,EGY,2022.0,23.455929,6.9086585,0.56175965,0.009855432,0.955977,20.84424,52.74,5563387.0,269006200.0,2.3486664,818,Egypt
El Salvador,SLV,2022.0,28.310747,9.726145,0.020178722,5.2464676,0.0,7.2542505,50.56,1412026.0,8230260.0,1.304408,222,El Salvador
Estonia,EST,2022.0,20.882402,8.653526,0.39289564,37.38402,0.3830732,12.867332,80.55000000000001,,10018740.0,7.3282313,233,Estonia
Eswatini,SWZ,2022.0,6.1519294,15.527707,1.7844539,1.9717723,0.29576588,3.8252385,29.56,13338.0,1104210.0,0.8973983,748,eSwatini
Ethiopia,ETH,2022.0,0.39360586,3.2767687,1.7810664,0.019680291,1.013535,0.5116876,6.989999999999999,7065954.0,15227142.0,0.118322685,231,Ethiopia
Europe,NAN,2022.0,25.9166,13.625675,1.6665604,34.60582,1.5021361,21.77671,99.11,,4993221000.0,6.688105,,
Europe (FAO),NAN,2022.0,26.05,13.71,1.67,34.79,1.51,21.9,99.63,,,,,
European Union (27),NAN,2022.0,22.53267,13.954762,1.4345396,39.644978,0.95610845,23.042715,101.55,300510400.0,2510622000.0,5.571036,,
European Union (27) (FAO),NAN,2022.0,22.62,14.01,1.44,39.8,0.96,23.13,101.96,,,,,
Fiji,FJI,2022.0,37.559803,4.591317,6.411663,3.8732917,0.05056517,29.317682,81.8,133708.0,1146151.0,1.2402701,242,Fiji
Finland,FIN,2022.0,23.548855,17.251253,0.44769683,29.209734,0.79590553,31.67704,102.94,2805555.0,31622000.0,5.6456437,246,Finland
France,FRA,2022.0,23.9873,22.64167,2.3792284,32.889904,0.5948071,32.72414,115.21,32000528.0,272475840.0,4.101157,250,France
Gabon,GAB,2022.0,37.682068,5.0321383,0.6585025,7.833231,13.081594,27.627619,91.91,,5410930.0,2.1776652,266,Gabon
Gambia,GMB,2022.0,20.599585,1.4677331,0.66715145,0.60556823,0.61583215,20.64064,44.61,,710899.0,0.26351094,270,Gambia
Georgia,GEO,2022.0,18.93544,7.1834292,1.3222246,12.136837,0.118408166,10.370583,50.06999999999999,84591.0,11768941.0,3.091041,268,Georgia
Germany,DEU,2022.0,16.36935,13.930308,0.74361074,38.628098,1.0311402,13.04789,83.75,33073180.0,596151360.0,7.051025,276,Germany
Ghana,GHA,2022.0,9.664336,1.474392,1.8783351,1.3027163,3.6051915,24.075005,42.0,559393.0,19647176.0,0.5814861,288,Ghana
Greece,GRC,2022.0,26.16083,14.760972,8.537427,27.31777,1.9348842,19.308947,98.02,8726345.0,55196200.0,5.388754,300,Greece
Guatemala,GTM,2022.0,29.023628,11.677437,0.12997146,5.0588894,0.14996707,3.3792582,49.42000000000001,1766.181,20382320.0,1.1245548,320,Guatemala
Guinea,GIN,2022.0,4.5655212,5.2064695,2.1200585,0.374708,0.46345463,10.915835,23.65,,4042787.0,0.28064337,324,Guinea
Guinea-Bissau,GNB,2022.0,2.9401271,3.650158,1.0500454,6.060262,0.0,2.4001038,16.099999999999998,,298003.0,0.13839415,624,Guinea-Bissau
Guyana,GUY,2022.0,64.78006,3.1499195,1.0434108,7.2251277,0.13780898,24.904049,101.24,7512.0,3545070.0,4.290242,328,Guyana
Haiti,HTI,2022.0,9.990235,4.3405156,0.59417725,4.078675,0.8358765,4.9447637,24.78,23119.0,3522026.0,0.3026484,332,Haiti
High-income countries,NAN,2022.0,35.461143,20.2728,1.7011608,31.580315,1.1727914,25.734749,115.91,1345746300.0,14014304000.0,9.956884,,
Honduras,HND,2022.0,25.863235,6.2115636,0.02991122,7.1687226,0.049852036,4.4667425,43.79,271314.0,11042214.0,1.0373338,340,Honduras
Hungary,HUN,2022.0,24.38241,5.557831,0.11321507,48.45605,0.37052205,6.350336,85.22999999999999,20127200.0,40190156.0,4.1491246,348,Hungary
Iceland,ISL,2022.0,30.140106,15.687759,14.5994215,20.276428,10.902992,85.40024,177.01000000000002,1499034.0,3762450.0,9.708997,352,Iceland
India,IND,2022.0,3.4698007,2.1872668,0.57664305,0.2187267,0.1391897,8.80872,15.41,83964800.0,3062324500.0,2.129469,356,India
Indonesia,IDN,2022.0,14.623294,2.9543004,0.41498533,0.92877674,0.009880603,40.75749,59.68,33549828.0,733223940.0,2.6075745,360,Indonesia
Iran,IRN,2022.0,24.31268,3.867477,3.3036757,0.0,0.089021206,11.434279,43.0,13695897.0,817879900.0,9.026508,364,Iran
Iraq,IRQ,2022.0,14.219769,3.1522508,1.2816844,0.3550612,0.06928024,2.320888,21.4,1620013.0,176457950.0,3.9148493,368,Iraq
Ireland,IRL,2022.0,30.65002,23.22835,4.1482706,28.615206,2.4869967,19.591242,108.73,74065210.0,34432788.0,6.6260405,372,Ireland
Israel,ISR,2022.0,70.32592,35.843082,5.0637045,1.1418157,0.009928832,25.159662,137.54000000000002,2437207.0,59489496.0,6.4269466,376,Israel
Italy,ITA,2022.0,20.111874,16.061771,0.85161066,34.61896,1.2080988,29.331055,102.18,2449339.0,313460640.0,5.2682986,380,Italy
Jamaica,JAM,2022.0,55.440224,5.278125,1.1751297,2.7486084,0.009958725,27.476126,92.14,,7648698.0,2.6934605,388,Jamaica
Japan,JPN,2022.0,27.666561,9.400681,0.14874497,22.579485,0.118995965,44.980476,104.9,45410144.0,988784700.0,7.95029,392,Japan
Jordan,JOR,2022.0,26.67008,6.837968,4.3915396,0.010026345,0.09023711,4.842725,42.84,1695302.0,21188884.0,1.8523093,400,Jordan
Kazakhstan,KAZ,2022.0,21.126701,24.041063,8.239608,7.755494,6.79695,3.5243444,71.49,8765001.0,255161470.0,12.550943,398,Kazakhstan
Kenya,KEN,2022.0,2.0614183,4.909561,1.9419159,0.36846608,1.6232425,2.917853,13.82,2459106.0,21531040.0,0.38907567,404,Kenya
Kuwait,KWT,2022.0,48.618683,11.03152,13.896367,0.31624934,2.781134,13.673132,90.32,2182888.0,99233390.0,20.508173,414,Kuwait
Kyrgyzstan,KGZ,2022.0,7.197098,14.746901,9.380058,1.3440937,3.6986408,1.4775498,37.85,171347.34,10152343.0,1.4352694,417,Kyrgyzstan
Land Locked Developing Countries (FAO),NAN,2022.0,05.05,10.27,3.81,2.52,1.35,4.92,27.92,,,,,
Laos,LAO,2022.0,6.3152733,9.164119,0.39843994,13.646568,0.30879095,25.111677,54.95,157293.0,24796292.0,3.235021,418,Laos
Latvia,LVA,2022.0,28.817162,5.5883055,0.35418838,47.293987,0.25580272,24.507868,106.82,1598685.0,6512889.0,3.4600034,428,Latvia
Least Developed Countries (FAO),NAN,2022.0,3.55,3.78,02.06,1.83,0.85,11.29,23.36,,,,,
Lebanon,LBN,2022.0,22.524939,13.780637,1.2710296,0.9078783,0.009556613,4.7687497,43.25999999999999,1603134.0,19475458.0,3.3732815,422,Lebanon
Lesotho,LSO,2022.0,1.0288179,2.0576358,0.51440895,5.1037436,2.5922177,1.9466848,13.239999999999998,,3888782.0,1.6824147,426,Lesotho
Liberia,LBR,2022.0,12.819395,0.5329079,0.3848779,4.8060393,1.559249,4.855383,24.96,,771001.0,0.14036113,430,Liberia
Libya,LBY,2022.0,32.638844,3.7533257,5.65828,0.047152333,0.80158967,18.82321,61.71999999999999,968476.44,60975930.0,8.346452,434,Libya
Lithuania,LTU,2022.0,25.92018,4.930204,0.37098563,47.700943,0.5369529,28.888065,108.35,11289.0,12461681.0,4.366298,440,Lithuania
Low Income Food Deficit Countries (FAO),NAN,2022.0,3.51,5.92,2.66,1.52,1.29,5.67,20.57,,,,,
Low-income countries,NAN,2022.0,2.546381,3.5782015,2.670824,1.5347564,1.1106799,4.693632,16.13,11917901.0,196579700.0,0.26692328,,
Lower-middle-income countries,NAN,2022.0,6.3739057,4.2512536,1.1772876,2.593304,0.62574047,12.31142,27.33,153351400.0,4882584600.0,1.5847771,,
Luxembourg,LUX,2022.0,19.66789,30.46342,1.0805444,32.88225,1.2292432,30.840124,116.16,1081478.0,6993124.0,10.5150585,442,Luxembourg
Madagascar,MDG,2022.0,2.9478216,1.0993526,0.14593177,0.87559056,0.27240595,3.5996501,8.950000000000001,109461.4,4476379.0,0.14349261,450,Madagascar
Malawi,MWI,2022.0,7.152736,3.1845052,3.492043,16.755854,0.0,8.997963,39.58,1290.356,1752411.0,0.08303524,454,Malawi
Malaysia,MYS,2022.0,51.90197,8.71554,1.3498815,7.277622,0.00978175,51.03139,120.29,4965361.0,288823680.0,8.2224455,458,Malaysia
Mali,MLI,2022.0,2.4970608,2.6635315,0.82256114,0.05875437,1.4492745,8.636892,16.130000000000003,,6761669.0,0.2844733,466,Mali
Mauritania,MRT,2022.0,7.5866213,6.828931,12.064768,,6.2363777,7.829471,40.55,207225.0,4412598.0,0.8785841,478,Mauritania
Mexico,MEX,2022.0,38.4952,15.138339,0.8426711,21.770655,0.61465424,13.661185,90.52,54217876.0,482623460.0,3.7199361,484,Mexico
Micronesia (FAO),NAN,2022.0,37.72,8.59,0.49,17.78,0.22,57.73,122.53,,,,,
Middle Africa (FAO),NAN,2022.0,4.53,4.73,2.35,2.67,02.01,8.35,24.64,,,,,
Moldova,MDA,2022.0,22.74083,1.0216497,0.0091218725,11.402341,0.25541243,14.75919,50.19,528581.0,5962224.0,1.9439814,498,Moldova
Mongolia,MNG,2022.0,7.1259995,30.31059,68.70065,2.7299604,23.395359,1.0438083,133.31,61614.0,46869964.0,13.657199,496,Mongolia
Montenegro,MNE,2022.0,19.610184,14.294416,1.7141055,54.555492,0.05101505,12.284423,102.5,1589.285,2328379.0,3.6754034,499,Montenegro
Morocco,MAR,2022.0,17.520317,7.0241823,5.1978946,0.02006909,1.8162527,16.878105,48.46,4740714.0,68667610.0,1.82082,504,Morocco
Mozambique,MOZ,2022.0,5.946513,0.7168123,0.12115137,4.3715453,0.010095947,13.25598,24.43,411739.0,8023384.0,0.23854187,508,Mozambique
Myanmar,MMR,2022.0,12.185037,2.6809096,0.22172937,5.150169,0.0,40.62687,60.870000000000005,1132655.8,30233224.0,0.5584913,104,Myanmar
Namibia,NAM,2022.0,8.403826,4.6549735,3.437929,4.148612,4.148612,9.914027,34.7,2245.772,4174205.8,1.408754,516,Namibia
Nepal,NPL,2022.0,6.9184775,6.538116,2.590574,1.2130466,0.0,3.4438186,20.700000000000003,2550505.0,16677210.0,0.56162494,524,Nepal
Net Food Importing Developing Countries (FAO),NAN,2022.0,7.91,5.23,2.12,1.72,0.95,10.98,28.91,,,,,
Netherlands,NLD,2022.0,13.518045,16.411966,0.9515606,30.498987,2.4622855,19.286268,83.13,19349166.0,118668370.0,6.558991,528,Netherlands
New Caledonia,NCL,2022.0,36.93367,21.774403,1.3432262,22.107685,1.2119334,22.976236,106.34,,5067623.0,17.48445,540,New Caledonia
New Zealand,NZL,2022.0,26.049322,21.583145,13.095391,24.483128,2.303819,24.80647,112.32,8729635.0,30119236.0,5.8226275,554,New Zealand
Nicaragua,NIC,2022.0,24.466825,2.715095,0.010323554,6.0805736,0.278736,6.576104,40.14,,5588379.0,0.8189818,558,Nicaragua
Niger,NER,2022.0,0.8904446,2.5781476,1.9051372,0.062124036,2.4228375,1.9258453,9.79,15019.2,2597634.0,0.09929863,562,Niger
Nigeria,NGA,2022.0,1.596329,1.4886012,1.9097188,1.664883,0.8030612,7.0512686,14.51,4486313.5,128539720.0,0.5640604,566,Nigeria
North America,NAN,2022.0,45.622643,27.568048,0.7163158,24.355585,0.6901094,18.021782,116.98,,6123549700.0,10.12815,,
North Macedonia,MKD,2022.0,20.490067,9.841147,0.910164,16.473967,0.42095083,7.9753118,56.11,,7448824.0,4.0665092,807,Macedonia
Northern Africa (FAO),NAN,2022.0,15.91,6.28,04.08,0.01,1.37,13.41,41.06,,,,,
Northern America (FAO),NAN,2022.0,52.28,36.73,0.74,29.1,0.77,22.08,141.7,,,,,
Northern Europe (FAO),NAN,2022.0,30.55,17.77,3.3,27.73,01.02,22.57,102.94,,,,,
Norway,NOR,2022.0,21.421572,18.623123,4.501418,25.683975,1.712929,49.664978,121.59,,38901000.0,7.0484023,578,Norway
Oceania,NAN,2022.0,34.952454,18.578514,7.969162,21.098286,10.599014,21.326342,114.53,,430302660.0,9.498823,,
Oceania (FAO),NAN,2022.0,34.97,18.59,7.97,21.1,10.6,21.35,114.57999999999998,,,,,
Oman,OMN,2022.0,18.459301,9.37477,11.609624,0.4837343,3.4635377,30.049576,73.42999999999999,2075390.0,78511300.0,15.5492115,512,Oman
Pakistan,PAK,2022.0,8.128534,9.744564,2.40953,,0.12579875,1.3644325,21.77,4930662.0,200666690.0,0.8107599,586,Pakistan
Panama,PAN,2022.0,50.770576,15.467594,0.010017872,12.031465,0.59105444,15.086916,93.96000000000002,8208378.0,14018338.0,3.1440282,591,Panama
Papua New Guinea,PNG,2022.0,3.4991245,0.9145439,2.3857667,8.797515,42.824516,7.236826,65.66,1039010.0,8322015.0,0.8009956,598,Papua New Guinea
Paraguay,PRY,2022.0,10.471413,10.661984,0.39117345,10.441322,0.31093276,5.396188,37.67,111964.0,8139286.0,1.189241,600,Paraguay
Peru,PER,2022.0,44.18513,4.272043,0.7730364,4.8314776,1.1493831,26.6901,81.89999999999999,9053965.0,55863636.0,1.6505452,604,Peru
Philippines,PHL,2022.0,15.950111,3.843034,0.27377814,15.321436,0.1622389,26.55648,62.1,6886922.0,154578660.0,1.3454357,608,Philippines
Poland,POL,2022.0,30.661991,0.25958338,0.031150006,53.62993,0.15575004,11.255536,96.0,3676185.0,289281540.0,7.4628654,616,Poland
Portugal,PRT,2022.0,32.359478,22.125128,2.257867,39.67536,0.62116,53.567654,150.62,8056494.5,37228136.0,3.5690997,620,Portugal
Qatar,QAT,2022.0,55.124554,17.200798,9.848994,0.22362901,0.3447614,22.689028,105.42,14832936.0,115711816.0,38.842007,634,Qatar
Romania,ROU,2022.0,22.144817,4.677182,3.1694062,39.468853,0.17436863,8.154298,77.78000000000002,2719206.0,68239480.0,3.569303,642,Romania
Russia,RUS,2022.0,34.026253,12.435537,1.4413693,29.334349,3.9861317,22.773634,104.0,96851770.0,1815924700.0,12.485692,643,Russia
Rwanda,RWA,2022.0,0.75690764,2.7248676,1.0394865,0.494513,1.2716049,5.257985,11.54,715763.6,1540220.0,0.110374995,646,Rwanda
Saudi Arabia,SAU,2022.0,51.56595,6.6649866,5.7144623,,2.3084164,13.352605,79.6,29403732.0,736205300.0,22.132036,682,Saudi Arabia
Senegal,SEN,2022.0,8.142664,6.366974,3.9045544,1.2263048,1.1085795,14.087789,34.84,359705.75,11900644.0,0.6583115,686,Senegal
Serbia,SRB,2022.0,12.185953,10.442064,4.487323,52.220955,0.0319004,8.432339,87.80000000000001,1276465.0,42357788.0,6.253774,688,Serbia
Sierra Leone,SLE,2022.0,5.780983,1.6947845,0.44709042,0.5614624,1.382861,24.995474,34.86,,1231506.0,0.14556001,694,Sierra Leone
Slovakia,SVK,2022.0,12.765223,7.0012813,0.11342282,41.358086,1.2579622,10.156498,72.66,8900.0,30739160.0,5.5706987,703,Slovakia
Slovenia,SVN,2022.0,25.967035,12.226855,0.79173905,21.226624,0.35077044,12.978506,73.55,21037.0,11328390.0,5.347735,705,Slovenia
Small Island Developing States (FAO),NAN,2022.0,24.84,5.39,1.34,10.43,7.94,11.58,61.52,,,,,
Somalia,SOM,2022.0,0.780932,3.123728,4.408806,0.009885215,2.7876306,1.6804867,12.79,,557614.0,0.03037349,706,Somalia
South Africa,ZAF,2022.0,37.993954,15.487553,2.6692746,5.607397,0.82574683,6.135491,68.73,9321576.0,401893100.0,6.3578267,710,South Africa
South America,NAN,2022.0,42.256535,27.645155,0.66027266,14.579897,0.54469395,9.806865,95.5,,1108965000.0,2.5627966,,
South America (FAO),NAN,2022.0,41.65,27.24,0.65,14.37,0.53,9.67,94.11,,,,,
South Korea,KOR,2022.0,21.82404,19.55258,0.55035406,41.36661,0.160103,55.69583,139.14999999999998,34020090.0,577416640.0,11.158091,410,South Korea
South Sudan,SSD,2022.0,4.723269,11.951751,3.85189,0.0,0.9109869,3.0003154,24.43,,1580456.0,0.13763057,728,S. Sudan
South-eastern Asia (FAO),NAN,2022.0,15.87,3.69,0.34,10.24,0.11,37.5,67.75,,,,,
Southern Africa (FAO),NAN,2022.0,35.14,15.13,2.69,5.49,1.46,6.21,66.12,,,,,
Southern Asia (FAO),NAN,2022.0,4.92,3.18,01.08,0.18,0.13,9.46,18.950000000000003,,,,,
Southern Europe (FAO),NAN,2022.0,25.0,14.9,2.14,41.45,1.15,31.08,115.72,,,,,
Spain,ESP,2022.0,31.918982,12.847142,1.8594549,56.18139,1.3523308,39.824154,143.98,43440480.0,221615650.0,4.6255174,724,Spain
Sri Lanka,LKA,2022.0,9.971977,1.2142292,0.13385203,0.06692602,0.0,22.869577,34.25,871685.0,20317522.0,0.88446397,144,Sri Lanka
Sudan,SDN,2022.0,1.6041335,7.156903,6.606372,0.0,3.008937,0.8922399,19.270000000000003,1386967.0,20001454.0,0.39968732,729,Sudan
Suriname,SUR,2022.0,45.039215,5.028602,0.039673388,8.232228,0.08926513,16.831434,75.26,20181.0,2647446.0,4.2100472,740,Suriname
Sweden,SWE,2022.0,16.446754,22.13019,1.3177521,28.36688,0.2112427,30.811258,99.29,20067144.0,36556280.0,3.464577,752,Sweden
Switzerland,CHE,2022.0,17.904182,18.570246,1.2625381,27.537249,1.014007,16.611818,82.89,10988881.0,32737300.0,3.6905727,756,Switzerland
Syria,SYR,2022.0,5.1614146,2.2458065,8.727125,0.08865026,0.09850029,1.704055,18.03,672219.0,25503272.0,1.0808959,760,Syria
Taiwan,TWN,2022.0,41.726643,8.763615,0.816169,38.951668,0.0816169,30.269669,120.61,,261152590.0,11.200046,158,Taiwan
Tajikistan,TJK,2022.0,2.688045,24.3488,7.526526,0.34211484,0.17594478,0.9285974,36.02,125163.51,9054525.0,0.8714852,762,Tajikistan
Tanzania,TZA,2022.0,1.5789473,7.7530365,1.4878542,0.6983806,0.41497976,6.589069,18.52,1146973.0,18066046.0,0.27119046,834,Tanzania
Thailand,THA,2022.0,11.154051,1.6191363,0.039978676,13.023053,0.07995735,28.604744,54.51,12734583.0,264388640.0,3.6873055,764,Thailand
Togo,TGO,2022.0,5.324975,0.8956083,1.2168591,2.2292857,0.71064574,8.508278,18.89,672184.0,2620035.0,0.28159434,768,Togo
Trinidad and Tobago,TTO,2022.0,48.228237,6.898521,1.6376312,7.1339307,0.2251743,18.761112,82.89,652148.0,34317936.0,22.834675,780,Trinidad and Tobago
Tunisia,TUN,2022.0,19.809704,4.3738356,5.841976,0.010195421,0.7850474,15.986421,46.81,1675777.0,32792874.0,2.6878552,788,Tunisia
Turkey,TUR,2022.0,20.74263,18.193914,6.9011397,0.0,0.01960551,5.3326993,51.18,69065870.0,432077340.0,4.9510155,792,Turkey
Turkmenistan,TKM,2022.0,9.952815,22.369373,18.091177,0.062260684,1.9834476,2.410378,54.86,648370.1,63362624.0,8.603915,795,Turkmenistan
Uganda,UGA,2022.0,1.4580532,3.9647064,0.7889466,2.7363465,0.64913327,15.848839,25.45,16490.0,5613657.0,0.1153731,800,Uganda
Ukraine,UKR,2022.0,22.119541,5.996552,0.2611402,17.651142,0.35785878,15.494318,61.88,3282709.0,136460590.0,3.6164997,804,Ukraine
United Arab Emirates,ARE,2022.0,50.929577,12.840707,9.052098,0.60838956,3.2631803,24.01295,100.7,28422616.0,229383650.0,21.554457,784,United Arab Emirates
United Kingdom,GBR,2022.0,35.15097,17.129908,4.059689,25.9127,1.0000699,17.832928,101.08,26631932.0,305146340.0,4.4428277,826,United Kingdom
United States,USA,2022.0,53.03144,37.648952,0.68344593,29.57637,0.7824961,22.06837,143.79000000000002,666153000.0,4911391000.0,14.299027,840,United States of America
Upper-middle-income countries,NAN,2022.0,22.717155,10.926574,2.9090564,24.527426,0.6373501,29.486935,91.22,768693900.0,17581070000.0,6.1474814,,
Uruguay,URY,2022.0,23.882772,15.585377,1.9380779,21.510647,1.5242176,11.911104,76.35,,7865945.0,2.3216877,858,Uruguay
Uzbekistan,UZB,2022.0,6.323162,30.476055,4.757238,0.17839643,0.28741646,3.8652558,45.89999999999999,2010914.0,124768440.0,3.4995937,860,Uzbekistan
Vanuatu,VUT,2022.0,16.868633,8.079407,0.12526213,11.795517,0.03131553,30.75185,67.66,128164.0,226164.0,0.7059308,548,Vanuatu
Venezuela,VEN,2022.0,15.929948,14.003908,0.3410694,6.7812624,0.010031452,10.282239,47.34,265276.0,99568900.0,3.5182343,862,Venezuela
Vietnam,VNM,2022.0,14.725969,5.2304277,0.19700293,32.298634,0.29550442,40.3265,93.09,14754847.0,334726080.0,3.335515,704,Vietnam
Western Africa (FAO),NAN,2022.0,3.74,2.23,1.95,1.79,1.6,10.42,21.73,,,,,
Western Asia (FAO),NAN,2022.0,24.42,10.9,5.9,0.61,0.53,7.29,49.65,,,,,
Western Europe (FAO),NAN,2022.0,19.12,17.54,1.38,35.78,01.07,21.41,96.29999999999998,,,,,
World,,2022.0,16.881916,9.332608,2.011167,15.128336,0.7826709,20.052227,64.18,2279974700.0,37791570000.0,4.6703916,,
Yemen,YEM,2022.0,7.9871445,2.0188255,4.0464673,0.008815832,0.0793425,2.203958,16.349999999999998,52034.895,10034892.0,0.2547525,887,Yemen
Zambia,ZMB,2022.0,4.906854,8.989277,0.814498,1.2118142,2.0461779,13.260426,31.230000000000004,136609.95,7748922.0,0.37391192,894,Zambia
Zimbabwe,ZWE,2022.0,7.2923894,45.11531,1.9906801,0.70080066,2.3867848,2.6813242,60.17,75638.12,11164030.0,0.68320066,716,Zimbabwe
Brunei,BRN,,,,,,,,,27881.0,11769600.0,25.646858,96,Brunei
East Asia and Pacific (WB),NAN,,,,,,,,,632631230.0,,,,
Equatorial Guinea,GNQ,,,,,,,,,31268.0,6141370.0,3.3241498,226,Eq. Guinea
Europe and Central Asia (WB),NAN,,,,,,,,,524360540.0,,,,
Latin America and Caribbean (WB),NAN,,,,,,,,,187704370.0,,,,
Middle East and North Africa (WB),NAN,,,,,,,,,116029650.0,,,,
Middle-income countries,NAN,,,,,,,,,922045250.0,,,,
North America (WB),NAN,,,,,,,,,691104000.0,,,,
North Korea,PRK,,,,,,,,,523.761,60764244.0,2.3000948,408,North Korea
South Asia (WB),NAN,,,,,,,,,96661880.0,,,,
Sub-Saharan Africa (WB),NAN,,,,,,,,,31483072.0,,,,
Africa (GCP),NAN,,,,,,,,,,1418728100.0,,,
Antarctica,ATA,,,,,,,,,,0.0,,10,Antarctica
Asia (GCP),NAN,,,,,,,,,,19747367000.0,,,
Asia (excl. China and India),NAN,,,,,,,,,,7635394000.0,3.9850643,,
Central America (GCP),NAN,,,,,,,,,,179595380.0,,,
Eritrea,ERI,,,,,,,,,,620764.0,0.17887679,232,Eritrea
Europe (GCP),NAN,,,,,,,,,,4993221000.0,,,
Europe (excl. EU-27),NAN,,,,,,,,,,2482599200.0,8.389255,,
Europe (excl. EU-28),NAN,,,,,,,,,,2177452800.0,9.582038,,
European Union (28),NAN,,,,,,,,,,2815768300.0,5.4218297,,
Greenland,GRL,,,,,,,,,,596405.0,10.670095,304,Greenland
International aviation,NAN,,,,,,,,,,523411550.0,,,
International shipping,NAN,,,,,,,,,,593157760.0,,,
Kosovo,,,,,,,,,,,8376729.0,4.9275312,,Kosovo
Kuwaiti Oil Fires (GCP),NAN,,,,,,,,,,0.0,,,
Middle East (GCP),NAN,,,,,,,,,,2861176300.0,,,
Non-OECD (GCP),NAN,,,,,,,,,,25442200000.0,,,
North America (GCP),NAN,,,,,,,,,,5943965700.0,,,
North America (excl. USA),NAN,,,,,,,,,,1212158700.0,4.64198,,
OECD (GCP),NAN,,,,,,,,,,11232802000.0,,,
Oceania (GCP),NAN,,,,,,,,,,421980640.0,,,
Palestine,PSE,,,,,,,,,,3496897.0,0.64647776,275,Palestine
Ryukyu Islands (GCP),NAN,,,,,,,,,,0.0,,,
South America (GCP),NAN,,,,,,,,,,1108965000.0,,,